name,kcal,proteins,carbohydrates,fats,glycemic_index,glycemic_load
"Acerola, Barbados Cherry (fresh)",32,0.4,0.3,7.7,20,0.1
Acorns,387,6.0,41.0,24.0,25,10.3
Agave (syrup),310,0.0,76.0,0.5,15,11.4
Almond,609,18.6,13.0,53.7,15,1.9
Almond milk,51,18.6,13.0,53.7,30,3.9
Almond oil,816,0.0,0.0,90.7,25,0.0
Almond paste (sugar free),458,9.0,43.0,27.7,35,15.1
Amaranth seeds (unprepared),370,14.0,57.0,6.0,35,19.9
Apple Juice (unsweetened),49,0.1,12.2,0.1,40,4.9
Apple cider (brut),33,0.0,0.0,26.1,40,0.0
Apple juice,46,0.1,11.0,0.1,41,4.5
Apple juice (sugar free),47,0.11,11.3,0.14,50,5.7
Applesauce (unsweetened),42,0.2,11.3,0.1,35,4.0
Apricot,48,1.4,11.1,0.4,34,3.8
Artichoke,28,1.2,6.0,0.1,20,1.2
Asparagus,20,2.2,3.9,0.1,15,0.6
Avocado,160,2.0,9.0,15.0,10,0.9
Azuki Beans,329,19.9,62.9,0.5,35,22.0
Balsamic vinegar,237,1.5,55.0,0.0,5,2.8
Bamboo sprouts,27,2.6,5.0,0.3,20,1.0
Banana,88,1.5,21.0,0.5,48,10.1
Banana pie,257,4.7,36.4,10.3,47,17.1
Bananas (Dried),346,3.9,88.3,1.8,48,42.4
Barley flour,284,10.0,56.1,1.6,30,16.8
Barley groats,324,10.0,63.3,1.3,25,15.8
Basil,22,3.2,2.7,0.6,5,0.1
Basmati Rice,340,9.5,75.0,0.2,50,37.5
"Beans, fava (raw)",88,8.0,18.0,0.7,40,7.2
"Beef (steak, etc.)",108,18.0,0.0,4.0,0,0.0
Beef brains,124,11.7,0.0,9.5,0,0.0
Beetroot,19,1.8,3.7,0.2,15,0.6
Beetroot (fresh),43,1.5,8.8,0.1,30,2.6
Black currant (fresh berry),44,1.0,7.3,0.4,15,1.1
Black olives,361,2.2,32.0,8.7,15,4.8
Blackberry (fresh berry),43,1.4,10.0,0.5,25,2.5
Blueberries,44,1.1,7.6,0.4,53,4.0
Blueberry,35,1.0,8.2,0.0,25,2.0
Boiled beef tongue,158,12.6,0.8,11.3,0,0.0
Boiled chicken breast,137,29.8,1.8,5.9,0,0.0
Boiled lamb,293,24.6,0.0,21.4,0,0.0
Boiled lean beef,190,25.0,0.0,7.0,0,0.0
Boiled veal,88,16.2,0.0,2.1,0,0.0
Braised Cauliflower,29,1.8,0.3,4.0,15,0.0
"Bran (wheat, oat)",320,18.0,45.3,7.7,15,6.8
Bread (oatmeal),226,7.1,40.8,3.2,47,19.2
Brewer’s yeast,75,12.7,0.0,2.7,35,0.0
Broccoli,35,3.5,3.1,0.4,15,0.5
Broccoli (cooked),45,3.0,7.0,1.0,45,3.1
Brown rice,337,7.4,72.9,1.8,55,40.1
Brussels sprouts,46,3.6,2.3,2.4,15,0.3
Brussels sprouts (fresh),36,2.5,7.1,0.5,15,1.1
Buckwheat,277,8.0,44.0,8.0,50,22.0
Buckwheat Pasta,350,14.1,70.9,1.0,40,28.4
Buckwheat bread,228,7.1,45.8,2.5,50,22.9
Buckwheat flour,335,12.6,70.6,3.1,40,28.2
Buckwheat pancakes,215,6.0,9.0,25.6,40,3.6
Buckwheat porridge,163,6.0,31.0,2.0,40,12.4
Bulgur,83,3.1,18.6,0.2,55,10.2
Butter,717,0.2,0.7,81.0,0,0.0
Butter (high fat),746,0.5,0.8,82.0,14,0.1
"Butter cookies (flour, butter, sugar)",549,7.0,53.0,18.0,55,29.1
Canned Grapefruit,36,0.6,9.1,0.1,47,4.3
Canned pears,65,0.2,15.6,0.0,55,8.6
Capellini (pasta),364,12.0,73.0,1.9,45,32.9
Capers,30,2.1,4.2,0.5,20,0.8
Caraway,333,19.8,11.9,14.6,5,0.6
Carob (carob powder),212,4.4,78.0,1.0,15,11.7
Carrot (fresh),41,0.9,6.8,0.2,30,2.0
Carrot Juice (unsweetened),28,1.1,6.4,0.1,40,2.6
Cashew nuts,643,25.5,12.6,53.6,25,3.1
Cashew nuts,643,25.5,12.6,53.6,25,3.1
Cashew nuts (salted),570,17.0,30.0,42.0,22,6.6
"Cassava (bitter, sweet)",159,1.4,38.0,0.3,55,20.9
Cauliflower,25,2.0,5.3,0.1,15,0.8
Cauliflower (fresh),30,2.5,5.4,0.3,15,0.8
Celery (fresh),12,0.9,2.1,0.1,15,0.3
"Cereals, whole (sugar free)",350,18.1,60.6,1.5,45,27.3
"Chayote (Mexican cucumber), mashed from it",19,0.8,4.5,0.1,50,2.3
Cheddar,402,25.0,1.3,33.0,0,0.0
Chees Feta,264,14.0,4.1,21.0,30,1.2
"Cheese (Mozzarella, pressed cottage cheese, etc.)",242,18.8,1.0,18.1,0,0.0
"Cherry (sweet, fresh)",63,1.1,16.0,0.2,25,4.0
Cherry plum,27,0.2,0.0,6.4,25,0.0
Chia Seeds (Dried),512,16.5,42.1,30.7,30,12.6
Chicken,165,20.8,0.6,8.8,0,20.8
Chicken (fried),145,20.0,7.0,1.0,0,0.0
Chickens,156,18.7,0.4,7.8,0,0.0
Chickpea flour,337,10.9,66.0,2.9,35,23.1
Chickpeas,364,19.0,61.0,6.0,10,6.1
Chickpeas (canned),125,7.2,19.5,3.4,35,6.8
Chicory,21,1.7,4.1,0.2,15,0.6
Chicory (drink),11,0.1,2.8,0.0,40,1.1
Chicory Syrup,167,0.0,9.5,0.0,55,5.2
Chilli,40,2.0,9.5,0.2,15,1.4
Chilli Green (Fresh),40,2.0,8.0,0.2,15,1.2
Chinese cabbage,12,1.1,2.2,0.2,20,0.4
Chinese noodles,336,12.0,67.0,1.0,35,23.4
"Chips, corn, salted",497,7.0,61.0,25.0,42,25.6
Chocolate,546,4.9,61.0,31.0,49,29.9
Chocolate (+ 70% cocoa),549,9.1,36.0,39.0,70,9.0
Chocolate candy with sweeteners,547,6.9,35.7,52.4,23,8.2
Chocolate milk,88,3.3,10.9,3.6,34,3.7
Cinnamon,261,4.0,57.0,2.0,5,2.9
Cloudberry (fresh berries),31,0.8,6.8,0.0,25,1.7
Cocoa Powder (Sugar Free),358,27.6,21.8,11.6,20,4.4
Coconut,97,1.5,1.7,9.3,45,0.8
Coconut Milk,197,2.0,2.8,21.3,40,1.1
Coconut Sugar,19,0.0,5.0,0.0,35,1.8
Coconut milk (raw),197,2.0,2.8,21.3,40,1.1
Coffee beans,2,0.2,0.3,0.0,50,0.1
Cooked sausage,300,12.0,28.0,3.0,34,9.5
"Cookies (whole grain flour, sugar free)",273,10.0,46.8,5.6,50,23.4
Corn syrup,286,0.0,78.0,0.0,15,11.7
Cottage cheese,103,12.5,2.7,4.5,30,0.8
Cottage cheese 9% fat,185,14.0,9.0,2.0,9,2.7
Cranberries (fresh),46,0.4,12.2,0.1,45,5.5
Cranberry Juice (unsweetened),58,0.0,14.5,0.1,50,7.3
Cranberry juice (sugar free),58,0.0,14.5,0.1,50,7.3
Cream,196,2.7,3.7,19.0,0,0.0
Cream (10%),118,2.8,10.0,3.7,10,3.0
Cream (18%),189,2.9,3.8,18.0,18,1.3
Cream (30%),296,2.8,3.7,30.0,30,0.0
"Crustaceans (lobster, crab, spiny lobster)",97,20.3,1.0,1.3,5,0.1
Cucumber,15,0.8,2.8,0.1,15,0.4
Curd,340,7.0,23.0,10.0,45,10.3
Dark Chocolate (with 85% Cocoa Content),539,6.2,48.2,34.4,85,9.6
Dark chocolate,546,4.9,60.0,30.2,23,13.8
Dessert Banana (Green),137,1.5,34.9,0.7,45,15.7
Dijon mustard,165,9.6,9.5,9.7,35,3.3
Dill (fresh),38,2.5,6.3,0.5,25,1.6
Dill pickles,16,2.8,1.3,0.0,15,0.2
Dried Peaches,254,3.0,57.7,0.4,35,20.2
Dried apples,231,2.2,59.0,0.1,35,20.6
Dried apricots,260,3.5,60.7,1.4,35,21.2
Dried dates,292,2.5,69.2,0.5,40,27.7
Dry cider,117,0.2,28.9,0.3,40,11.6
Duck,346,16.5,0.0,61.2,0,0.0
Durum wheat vermicelli,112,3.4,23.1,0.4,35,8.1
Egg,155,13.0,1.1,11.0,0,0
Eggplant,35,0.8,8.7,0.2,20,1.7
Eggplant Caviar,146,1.7,13.3,5.1,40,5.3
Endive,17,1.3,0.3,0.2,15,0.0
Energy bar (sugar free),342,8.8,46.7,14.9,50,23.4
"Falafel (from beans, fava)",121,6.0,21.0,1.0,40,8.4
Fat (animal / vegetable),884,0.0,0.0,100.0,0,0.0
Fat Pork,489,11.4,0.0,49.3,0,0.0
Fat-free yogurt,56,5.7,7.6,0.2,33,2.5
Fennel,31,1.2,7.0,0.2,15,1.1
Fettuccine,384,14.1,67.6,4.4,32,21.6
Fig (dried),257,3.1,57.9,0.8,50,28.9
Fig (fresh),74,0.7,19.2,0.3,35,6.7
"Fish (salmon, tuna, etc.)",208,20.0,0.0,13.0,0,0.0
Flaxseed,534,18.3,1.6,42.2,35,0.6
"Foie gras, goose liver paste (canned)",412,15.2,0.0,39.0,0,0.0
Fresh corn,148,2.2,5.0,13.0,35,1.8
Fried pork,407,17.7,0.0,28.7,0,0.0
Fructose,399,0.0,99.8,0.0,20,20.0
Fruit bread,370,7.6,52.0,7.4,47,24.4
Fruit yogurt,105,5.1,2.8,15.7,52,1.5
Garlic,143,6.5,29.9,0.5,30,9.0
Germinated bread,204,6.8,36.4,3.1,35,12.7
Ginger,17,0.0,3.7,0.0,15,0.6
Goat milk,69,3.6,4.4,4.1,24,1.1
Goji berries,309,11.1,53.4,2.6,25,13.3
Goose,412,15.2,0.0,39.0,0,0.0
Goose fat,900,0.0,0.0,99.8,0,0.0
Grains (sprouted),198,7.5,41.4,1.3,15,6.2
Grape Juice (unsweetened),60,0.0,15.4,0.0,45,6.9
Grape juice (sugar free),65,0.0,17.0,0.0,55,9.3
Grapefruit,35,0.7,0.2,6.5,22,0.0
Grapefruit juice (sugar free),40,0.0,10.0,0.0,45,4.5
Grapefruit juice (unsweetened),28,3.0,6.1,0.0,45,2.7
Green grapes,52,1.0,12.0,0.0,45,5.4
Red grapes,69,0.7,18.0,0.2,45,8.1
Apple,52,0.3,14.0,0.2,28,0.3
Green beans,31,1.8,7.0,0.1,30,2.1
Green peas,69,4.0,10.0,0.2,15,1.5
Green peas (canned),40,3.1,6.5,0.2,45,2.9
Grilled pork,215,22.2,0.0,10.4,0,0.0
"Ham, sliced, sausages",234,10.0,3.0,20.0,0,0.0
Hazelnut,628,15.0,17.0,61.0,15,2.5
Hazelnuts,704,16.1,9.9,66.9,25,2.5
Hemp seed (peeled),553,31.5,8.7,48.7,4,0.3
Horseradish,56,3.2,10.5,0.4,10,1.1
Hummus,166,8.0,14.0,10.0,25,3.5
"Ice cream (skim, vanilla)",138,4.5,30.1,0.0,46,13.8
Ice cream (with fructose),391,10.7,27.0,26.5,35,9.4
Instant noodles,448,8.8,56.7,20.7,52,29.5
Jam,376,0.5,93.1,0.1,51,47.5
Jerusalem artichoke (fresh),61,2.1,12.8,0.1,50,6.4
Kamut flour,333,15.6,72.0,1.7,45,32.4
"Kamut, Egyptian Wheat (cooked)",342,13.9,63.5,2.0,40,25.4
Kefir (1% fat),37,3.0,4.0,1.0,1,1.2
Kefir (regular),56,2.8,4.0,3.2,36,1.4
Kefir low-fat,30,3.0,0.1,3.8,25,0.0
Ketchup,98,1.8,25.5,0.3,55,14.0
Kidneys (braised),156,26.1,0.0,3.2,0,0.0
Kiwi,61,1.1,14.7,0.5,50,7.3
Kohlrabi,42,2.8,10.6,0.0,20,2.1
Fat,797,2.4,0.0,89.0,0,0.0
Lasagna,135,7.0,15.0,5.0,47,7.0
Lean pork,316,16.4,0.0,27.8,0,0.0
Leek,33,2.0,8.2,0.0,15,1.2
Lemon (Fresh Fruit),16,0.9,3.0,0.1,20,0.6
Lemon juice (unsweetened),16,0.9,3.0,0.1,20,0.6
Lentil soup,56,3.7,8.0,1.1,30,2.4
Lentil soup puree,108,7.6,15.0,2.0,44,6.6
Lentil sprouts,119,9.0,22.1,0.6,25,5.5
Lentils (green),300,24.0,50.0,1.0,25,12.5
Lentils (yellow),332,22.3,65.5,1.0,30,19.6
Lettuce (fresh),14,0.9,3.0,0.1,15,0.5
Linen,469,21.8,27.7,39.5,35,9.7
Lotus (root powder),74,2.6,12.3,0.1,33,4.1
Low-fat cottage cheese,88,18.0,1.0,1.2,30,0.3
Lupine,371,36.2,40.4,9.7,15,6.1
Lychee (fresh fruit),66,0.8,15.2,0.4,50,7.6
"Macaroons, Coconut Flour",433,3.3,56.6,23.3,32,18.1
Mandarin,53,0.8,13.0,0.3,30,3.9
Maple syrup,261,0.0,67.1,0.2,55,36.9
Margarine,717,0.2,0.7,81.0,0,0.0
Marmalade (sugar free),284,0.3,73.9,0.1,30,22.2
Mashed Tomato,38,1.7,9.0,0.2,35,3.1
Mayonnaise (homemade),430,0.5,4.0,46.0,0,0.0
Medlar japanese plum,47,0.4,10.4,0.2,55,5.7
Melon pear (pepino),80,0.0,20.0,0.0,40,8.0
Milk,53,3.0,5.0,2.5,31,1.6
Milk chocolate,535,8.0,59.0,30.0,49,28.9
"Motley beans, borlotti, roman beans",335,23.0,35.3,1.2,35,12.4
Muesli (sugar free),254,6.6,47.3,3.2,50,23.6
"Muesli Bar, Gluten Free",285,2.9,74.3,0.0,50,37.1
Multi Grain Cookies,429,11.0,65.1,17.9,51,33.2
Mung Bean Mung,347,24.0,63.0,1.2,25,15.8
Mushrooms,26,2.5,5.1,0.2,15,0.8
Mushrooms (cooked),28,2.2,5.3,0.5,36,1.9
Mustard (with sugar),90,7.4,10.8,2.0,55,5.9
Mutton (Lamb),203,16.3,0.0,15.3,0,0.0
Natural milk,60,3.1,4.2,4.8,32,1.3
Nectarine (fresh fruit),48,0.9,11.8,0.2,35,4.1
Nuts (mix with raisins),483,11.2,46.6,27.9,21,9.8
Oat flour,68,2.4,12.0,1.4,25,3.0
Oat milk (raw),352,13.5,58.7,7.0,30,17.6
Oatmeal cookies,437,6.5,71.8,14.4,55,39.5
Olive oil,884,0.0,0.0,100.0,0,0.0
Olives,115,0.8,6.3,10.7,15,0.9
Omelette,210,14.0,15.0,2.1,49,7.3
Onion (fresh),47,1.4,10.4,0.0,15,1.6
Orache,368,14.1,64.2,6.1,53,34.0
Orange (fresh fruit),47,0.9,11.7,0.1,35,4.1
Orange juice,45,0.7,10.0,0.2,48,4.8
Orange juice (freshly squeezed and sugar free),46,0.8,10.6,0.3,45,4.8
Oregano,333,11.3,64.7,10.0,5,3.2
Palm pulp,354,3.4,6.2,33.5,20,1.2
Parsley,36,3.0,6.3,0.8,15,0.9
Parsley (cooked),36,3.0,6.3,0.8,52,3.3
Passion fruit,97,2.2,23.0,0.7,30,6.9
"Passion fruit, granadilla (fresh)",68,2.4,13.4,0.4,30,2.4
Pasta,158,5.8,30.9,0.9,50,15.4
Pasta (from durum wheat),111,3.4,23.1,0.4,50,11.6
Peach (canned in syrup),68,0.3,14.7,0.1,55,8.1
Peach (fresh fruit),46,0.9,11.3,0.1,35,4.0
Peanut,567,25.8,16.1,49.2,15,2.4
Peanut Butter (Sugar Free),567,26.0,28.0,49.0,25,7.0
Peanut Oil (Sugar Free),589,24.1,21.6,49.9,40,8.6
Peanuts (Dry Roasted),599,28.0,15.3,52.5,15,2.3
Pear (fresh fruit),75,0.6,15.5,0.1,30,4.7
Pear juice,46,0.4,11.0,0.3,50,5.5
Pears (dried),249,2.3,62.6,0.6,43,26.9
"Peas (frozen, boiled)",60,6.0,9.0,0.8,51,4.6
"Peas (green, fresh)",73,5.0,12.8,0.2,35,4.5
Peeled peas (fresh),341,25.0,60.0,1.2,25,15.0
"Pepino, melon pear",80,0.0,20.0,0.0,40,8.0
Perlovka,320,9.3,73.7,1.1,25,18.4
"Persimmon, persimmon eastern (fresh)",66,0.5,15.3,0.3,50,7.7
Pesto (sauce),454,5.0,6.0,45.0,15,0.9
Physalis,32,1.0,3.9,1.0,15,0.6
Pickled Cucumber,18,0.0,4.6,0.0,15,0.7
Pine nuts,670,12.0,19.0,61.0,15,2.9
Pine nuts,670,12.0,19.0,61.0,15,2.9
Pineapple Juice (unsweetened),56,0.4,13.6,0.1,50,6.8
Pineapple juice (sugar free),53,0.3,12.8,0.1,50,6.4
Pistachios,562,20.0,28.0,45.0,15,4.2
Plain / Spotted Beans (Fresh),102,7.0,16.9,0.5,35,5.9
Plantano (Raw),122,1.3,30.2,0.4,45,13.6
Platano (raw),122,1.3,32.0,0.4,45,14.4
Plums (fresh),46,0.7,11.0,0.3,35,3.9
Pomegranate (fresh),83,1.7,19.0,0.0,35,6.7
Pomelo,38,0.8,10.0,0.0,30,3.0
"Pomelo, sheddock (fresh)",32,0.6,8.1,0.1,25,2.0
Popcorn,375,11.0,74.0,4.3,55,40.7
Poppy seed,525,18.0,28.0,42.0,35,9.8
Pork cutlets,262,11.7,19.6,9.6,50,9.8
Prickly pear (fresh fruit),41,0.7,9.6,0.5,35,3.4
Prunes,240,2.2,64.0,0.4,40,25.6
Pumpernickel Bread,250,9.0,48.0,3.1,45,21.6
Pumpkin bread,211,5.5,42.6,2.4,40,17.0
Quince (canned / jelly without sugar),45,0.6,9.6,0.5,40,3.8
Quince (fresh fruit),40,0.6,9.8,0.5,35,3.4
Quinoa (cooked),120,4.4,21.0,1.9,35,7.3
Quinoa (unprepared),368,14.1,57.1,6.0,40,22.8
Quinoa flour,368,14.1,57.2,6.0,40,22.9
Rabbit,199,20.7,0.0,12.9,0,0.0
Rabbit (fried),155,25.0,0.0,6.0,0,0.0
Radish,20,1.2,3.4,0.1,15,0.5
Raspberries (fresh berries),53,1.2,12.0,0.7,25,3.0
Ratatouille,38,0.9,5.0,1.6,20,1.0
Ravioli (from durum wheat),255,15.0,29.0,8.0,40,11.6
Red beans,310,21.0,52.7,1.6,35,18.4
Red caviar,263,32.0,0.0,15.0,0,0.0
Red currant (fresh berry),43,0.6,7.7,0.2,25,1.9
Red rice,362,10.5,70.5,2.5,55,38.8
Rhubarb,13,0.7,2.5,0.1,15,0.4
Roast beef liver,199,22.9,0.0,3.9,50,0.0
Roast duck,407,23.2,0.0,19.5,0,0.0
Rye flakes,343,6.4,82.6,3.2,45,37.2
Rye flour (medium grinding),280,9.4,55.9,2.3,50,27.9
"Salad (“iceberg”, leaf, arugula, etc.)",25,2.6,2.1,0.7,15,0.3
Salted cucumbers,11,0.3,2.3,0.2,15,0.3
Sauerkraut,29,1.7,5.0,0.1,15,0.8
Sausages,332,10.1,1.9,31.6,30,0.6
Sausages,332,10.1,1.9,31.6,30,0.6
Scorzonera (Kozelec),17,1.0,1.0,1.0,30,0.3
Sea buckthorn,52,0.9,2.5,5.0,30,0.8
"Seafood (oysters, shrimp, mussels, etc.)",204,29.0,1.9,8.0,0,0.0
Seeds (pumpkin),446,19.0,54.0,19.0,25,13.5
Sesame,573,18.0,23.0,50.0,35,8.1
"Sesame paste, tahini",575,19.4,12.2,48.7,40,4.9
Sesame seed,565,19.4,12.2,48.7,35,4.3
Shallot,72,2.5,16.8,0.1,15,2.5
Sherbet,368,5.7,55.2,13.9,50,27.6
"Shortbread Cookies (Integral Flour, Sugar Free)",398,22.0,43.0,23.0,40,17.2
Skim cheese,71,16.5,1.3,0.0,30,0.4
Skim milk,31,3.0,0.2,4.7,27,0.1
Skim milk,31,3.0,0.2,4.7,27,0.1
Sorbet (sugar free),50,0.0,12.0,0.0,40,4.8
Sorrel,19,1.5,0.3,2.9,15,0.0
Soup with chicken and mushrooms,27,3.7,1.5,0.7,46,0.7
Sour cream,193,2.7,3.7,19.0,0,0.0
Sour cream (20%),204,2.8,20.0,3.2,20,11.2
Soy sauce,53,8.0,4.9,0.6,20,1.0
Soy vermicelli,330,0.1,82.0,0.1,30,24.6
Soy yogurt (natural),64,3.7,8.0,2.0,20,1.6
Soya cream,500,3.4,64.4,25.5,20,12.9
Soya flour,385,36.5,17.9,18.6,25,4.5
Soya milk,54,3.3,6.0,1.8,30,1.8
Soya milk ice cream,180,10.9,17.0,7.3,35,6.0
Soybean,446,36.0,30.0,20.0,15,4.5
Soybeans,446,36.0,30.0,20.0,15,4.5
Spaghetti (well cooked),112,3.5,23.2,0.4,55,12.8
Spaghetti al dente,271,9.3,47.8,0.7,45,21.5
Spaghetti bolognese,191,9.5,19.1,8.1,52,9.9
Spelled flour,361,17.0,67.8,2.4,45,30.5
Spelled wheat,337,14.7,61.2,2.2,40,24.5
Spices (cinnamon),247,4.0,81.0,1.2,5,4.0
Spinach,22,2.9,2.0,0.3,15,0.3
Squash,24,0.6,4.6,0.3,15,0.7
Stevia,18,0.0,0.1,0.0,0,0.0
Strawberries (fresh berries),32,0.7,7.7,0.3,25,1.9
Strawberry Jam (Low Sugar),246,0.0,61.0,0.0,51,31.1
String Beans (Fresh),24,2.0,3.6,0.2,30,1.1
Sunflower (seeds),584,21.0,20.0,51.0,35,7.0
Surimi (minced fish in crab sticks),99,15.2,6.8,0.9,50,3.4
Sushi,158,4.3,21.1,4.9,55,11.6
"Sushi, salmon",129,9.2,15.2,3.6,48,7.3
Sweet cherry,50,1.2,0.4,10.6,25,0.1
Sweet corn,96,3.4,18.6,1.5,48,8.9
Sweet pepper,27,1.3,5.3,0.0,15,0.8
"Sweet pepper (red, green), paprika",33,1.3,6.9,0.0,15,1.0
Sweet yogurt,71,2.8,9.1,2.5,52,4.7
Tagliatelle (well cooked),374,21.7,63.3,2.2,55,34.8
Tahin,595,17.0,21.0,54.0,40,8.4
Tangerine (canned),37,0.6,8.9,0.3,47,4.2
"Tangerines, tangerines, satsuma (fresh)",53,0.8,13.0,0.3,30,3.9
Taro,112,1.5,26.5,0.2,48,12.7
Tempeh,193,19.0,9.0,11.0,15,1.4
Tofu cheese,73,8.1,4.2,0.6,15,0.6
"Tofu, bean curd",73,8.1,0.6,4.2,15,0.1
Tomato juice,17,0.8,4.2,0.1,35,1.5
"Tomato sauce (natural, sugar free)",21,1.1,3.8,0.2,35,1.3
Tomato soup,30,0.8,7.0,0.3,38,2.7
Tomatoes,24,1.1,3.8,0.2,30,1.1
Tomatoes (dried),170,6.3,29.0,4.3,35,10.2
Tomatoes (fresh),24,1.1,3.8,0.2,30,1.1
"Tortilla, White Corn",286,7.0,47.2,7.7,49,23.1
Turkey,197,21.6,0.8,12.0,0,0.0
Turkey (boiled),119,21.8,0.0,2.8,0,0.0
Turnip (raw),30,1.5,6.2,0.1,30,1.9
"Turnip, turnip (fresh)",28,1.0,6.0,0.0,30,1.8
Unpeeled Basmati Rice,125,2.7,36.0,0.7,45,16.2
Urad bean (steamed),347,24.0,63.0,1.2,43,27.1
Vanilla,260,0.0,65.0,0.0,5,3.3
Veal,90,19.7,0.0,1.2,0,0.0
Vegetable fat,884,0.0,0.0,100.0,0,0.0
Vegetable soup,43,1.7,6.2,1.8,40,2.5
Vinegar,18,0.0,0.0,0.0,15,0.0
Walnut,654,15.0,14.0,65.0,15,2.1
Walnuts,654,15.2,7.0,65.2,15,1.1
Wheat flakes,340,11.0,61.0,2.6,45,27.4
White almond paste / puree (without sweeteners),458,9.0,47.8,27.7,35,16.7
White beans,334,22.0,61.0,1.0,35,21.4
White beans,334,22.0,61.0,1.0,35,21.4
White beans (boiled),140,9.3,25.0,0.5,33,8.3
White cabbage,24,1.2,5.8,0.1,15,0.9
White chocolate,539,5.9,59.2,31.1,44,26.0
"White corn, sweet corn, frozen corn",86,3.2,19.0,1.1,55,10.4
Whole Grain (Rye),283,9.9,55.8,2.2,34,19.0
Whole Grain Spaghetti,124,5.3,26.5,0.5,40,10.6
Whole Grain Wheat,305,11.8,59.5,2.2,45,26.8
Whole Wheat Pasta,124,5.3,26.5,0.5,40,10.6
Whole grain pasta made by al dente,237,8.4,36.5,0.4,40,14.6
Whole grain rye flour,309,11.3,64.2,1.8,45,28.9
Whole milk,63,3.1,4.6,3.6,34,1.6
Whole milk 3%,64,3.3,4.6,3.7,3,1.2
Wholemeal Pasta,352,13.9,64.2,2.9,50,32.1
Wholemeal bread,250,7.0,48.0,1.0,65,31.2
Wild rice,357,15.0,75.0,1.1,45,33.8
Wild rice (black),101,4.1,21.0,0.4,35,7.3
Yeast,105,8.0,18.0,1.9,35,6.3
Yellow gooseberry,43,0.7,12.0,0.2,15,1.8
Yogurt,82,9.1,4.7,3.4,35,1.6
Yogurt,82,9.1,4.7,3.4,35,1.6
Yogurt 1.5% natural,47,5.0,1.5,3.5,1,1.5
Zucchini,17,1.2,3.1,0.3,15,0.5
Apricots (canned in syrup),83,0.5,21.5,0.1,60,12.9
Beef Stroganoff,207,16.6,13.1,5.7,56,7.3
Beets (Boiled),49,1.8,10.8,0.0,65,7.0
Boiled sweetcorn,123,4.1,22.5,2.3,60,13.5
Bran bread,227,7.5,45.2,1.3,65,29.4
Breadfruit,103,1.1,27.0,0.2,65,17.6
Brown yeast bread,250,13.0,40.0,3.0,65,26.0
Buckwheat noodles,348,14.7,70.5,0.9,59,41.6
Canned vegetables (factory),77,3.2,5.2,2.8,65,3.4
Chestnut,196,1.6,44.2,1.2,60,26.5
Chestnut flour,365,6.4,71.0,3.7,65,46.1
Chocolate powder with sugar,374,24.2,31.9,17.5,60,19.1
Condensed milk,321,8.0,54.0,9.0,61,32.9
Corn chips,518,6,63,28,63,28.8
Corn pasta,357,7.5,68.3,2.1,68,46.4
Couscous,152,3.3,20.0,6.7,60,12.0
Dessert Banana (ripe),95,1.0,21.8,0.3,60,13.1
Dried fruits,359,1.0,83.0,2.7,60,49.8
Durum wheat semolina,333,10.3,70.6,1.0,60,42.4
Egg powder,542,46.0,4.5,37.3,60,2.7
Falafel (chickpea),264,13.9,43.3,4.8,65,28.1
Flatbread,354,7.5,56.0,10.9,69,38.6
Grapes,69,0.7,17.2,0.2,56,9.6
Black grapes,65,1.3,18.7,0.3,59,11.0
Hamburger,258,30.8,1.9,13.7,66,1.3
Hamburger bun,279,9.5,49.4,4.3,61,30.1
Honey,309,1.4,76.4,0.2,60,45.8
Ice cream,207,3.5,24.0,11.0,62,14.9
Long grain rice,365,7.1,78.0,0.7,60,46.8
Mango,60,0.8,15.0,0.4,56,8.4
Maple syrup,261,0.0,67.1,0.2,55,36.9
Marmalade with sugar,293,0.4,76.6,0.0,65,49.8
Mayonnaise (sweetened),695,0.0,0.3,78.6,60,0.2
Melon,34,0.8,8.0,0.2,65,5.2
Milk bread,243,7.1,49.8,2.1,60,29.9
Muesli,382,10.6,56.5,11.8,56,31.6
Muesli (with sugar or honey),464,8.2,67.4,16.6,65,43.8
Oatmeal (cooked on the water),88,3.0,15.0,1.7,60,3.0
"Oatmeal porridge (crushed), oatmeal dishes",88,3.0,15.0,1.7,60,9.0
"Oats, Hercules",352,12.5,61.0,6.2,59,36.0
Pancakes,185,5.5,25.2,7.5,66,16.6
Papaya (fresh),48,0.6,9.2,0.1,60,5.5
Pea soup,70,8.3,6.2,1.4,60,3.7
Pearl barley (steamed),315,9.3,66.9,1.1,60,40.1
Peeled wheat flour (whole grain),334,10.3,68.9,1.1,65,44.8
Pineapple,50,0.5,13.1,0.1,51,58.5
Pineapple (canned in syrup),66,0.5,15.6,0.1,65,10.1
Pita,275,9.0,56.0,1.2,57,31.9
Pizza,266,11.0,33.0,10.0,60,19.8
Processed cheese,323,20.0,27.0,3.8,57,15.4
Pumpkin,26,1.0,7.0,0.1,65,4.5
Quince (canned / jelly with sugar),50,0.6,11.0,0.5,65,7.2
Raisins,299,3.1,79.2,0.5,65,51.5
Raisins (red and gold),301,2.0,72.0,0.5,65,46.8
Red beet juice,42,1.0,0.0,9.9,64,0.0
Jasmine Rice,331,6.9,73.4,0.2,60,44.0
Rice noodles,109,0.9,24.9,0.2,65,16.2
Rice waffles,374,8.5,81.7,3.3,64,52.3
Rye bread,259,9.0,48.0,3.3,65,31.2
Rye crackers,336,16.0,70.0,1.0,64,44.8
Shortbread,364,5.5,53.7,14.6,60,32.2
"Soft drinks (soda, cola)",38,0.1,10.0,0.0,60,6.0
Sorbet,386,4.9,80.7,4.8,65,52.5
Sorbet (with sugar),158,1.0,27.6,4.8,65,17.9
Straw,372,9.1,69.3,6.1,60,41.6
Strawberry Jam (High Sugar),280,0.0,70.0,0.0,65,45.5
Sugar,387,0.0,100.0,0.0,58,58.0
Tamarind (sweet),239,2.8,62.7,0.6,65,40.8
Udon noodles,76,1.9,13.7,1.5,62,8.5
"Vanilla ice cream (regular, with sugar)",207,3.5,24.0,11.0,60,14.4
Vegetable soup,43,1.7,6.2,1.8,40,2.5
Wholemeal bread,250,7.0,48.0,1.0,65,31.2
Wholemeal flour,298,11.5,55.8,2.2,60,33.5
Yam,118,1.5,28.0,0.2,65,18.2
Yellow corn,101,3.5,15.6,2.8,65,10.1
A mixture of refined cereals with sugar,96,2.4,23.1,0.4,70,16.2
Air rice (analogue of popcorn),402,6.3,89.8,0.5,85,76.3
Amaranth (analogue of popcorn),298,9.0,62.0,2.0,70,43.4
Arroroot Flour,357,0.3,84.7,0.1,85,72.0
Bagel (wheat),257,10.0,50.5,1.6,70,35.4
Bagels,312,10.4,68.7,1.3,70,48.1
Baguette (white),240,7.5,49.0,2.5,95,46.5
Baguette (whole grain),219,6.3,38.8,1.2,73,28.3
Baked potato,93,2.5,21.1,0.1,95,20.0
Bakery products(wheat),201,7.7,37.7,1.4,90,33.9
Barley porridge,310,11.5,65.8,2.0,70,46.1
Beans (cooked),123,7.8,21.5,0.5,80,17.2
Beer,43,0.5,3.6,0.0,70,2.5
Biscotti (dry cookies),358,6.0,50.0,15.0,70,35.0
Biscuit,365,6.2,48.5,16.5,70,34.0
Boiled potatoes,80,1.8,17.5,0.1,70,12.3
Brioche (bun),236,5.0,47.0,4.0,70,32.9
Brown sugar,380,0.1,98.0,0.0,70,68.6
Carrot (cooked),25,0.8,5.0,0.3,85,4.25
"Celery (boiled, without salt)",27,1.0,4.7,0.2,85,3.9
Chocolate bar (with sugar),555,6.9,54.4,35.7,70,38.1
Condensed milk with sugar,329,7.2,8.5,56.0,80,6.8
Cookies (pastries),460,7.0,66.0,18.0,70,46.2
Corn Syrup (Dark),286,0.0,77.6,0.0,115,89.2
Corn flour,361,6.9,76.8,3.9,70,53.8
Corn starch,340,0.0,85.1,0.0,85,72.3
Cornflakes,320,5.5,65.0,1.0,85,55.3
Cornmeal porridge (mamalyga),92,2.0,21.0,1.0,70,14.7
Cottage cheese pancakes,220,17.4,12.0,10.6,70,8.4
Crackers,88,1.8,12.5,3.2,80,10.0
Croissant,287,6.3,31.0,14.0,70,21.7
Dates,274,2.5,69.2,0.5,70,48.4
Donuts,452,4.9,51.0,25.0,75,38.3
Dumplings,275,11.9,29.0,12.4,86,24.9
Flavored Rice,365,7.0,80.0,0.7,70,56.0
French baguette made from wheat flour,179,6.5,33.4,2.4,70,23.4
French fries,276,3.8,30.1,15.5,75,22.6
Fried potato,149,2.8,20.1,7.0,95,19.1
Fruit Bar (strawberry),418,4.0,67.5,14.5,90,60.8
Glucose,385,0.1,98.0,0.1,96,94.1
Glucose (Dextrose),380,0.0,95.0,0.0,100,95.0
Glucose syrup,285,0.2,70.5,0.0,100,70.5
Gluten free white bread,129,3.5,15.6,5.8,90,14.0
Gnocchi,93,3.2,20.0,1.2,70,14.0
Instant potatoes,373,10.0,76.0,5.0,87,66.1
Instant rice,348,7.3,77.0,12.0,85,65.5
Lychee (canned syrup),76,0.4,18.7,0.5,79,14.8
Maltodextrin,380,0.0,99.0,0.0,95,94.0
Mashed potatoes,72,1.7,13.7,1.2,83,11.4
Matzo (white flour),395,10.0,84.0,1.4,70,58.8
Millet,378,11.0,73.0,4.2,70,51.1
Millet porridge,180,5.0,27.0,5.0,70,18.9
Molasses,290,0.0,75.0,0.1,70,52.5
Instant oats porridge,350,14.0,56.0,7.5,74,41.4
Parsnip,75,1.2,18.0,0.3,85,15.3
Platano (cooked),155,1.5,39.2,0.2,70,27.4
Potato chips,491,7.7,52.8,32.4,70,37.0
Potato flour (starch),357,6.9,83.1,0.3,95,78.9
Premium wheat flour,334,10.3,68.9,1.1,85,58.6
Pumpkin (boiled),26,1.0,7.0,0.1,75,5.3
Ravioli (from soft wheat),245,15.5,29.7,8.0,70,20.8
Rice Bread,306,6.3,68.6,0.7,70,48.0
Rice Milk,30,0.6,6.5,0.1,85,5.5
Rice Syrup,311,0.5,77.0,0.2,100,77.0
Rice biscuits,310,6.0,69.0,1.0,85,58.6
Rice cake,387,8.0,82.0,2.8,85,69.7
Rice flakes,360,7.0,77.0,2.0,80,61.6
Rice flour,366,5.9,80.1,1.4,95,76.1
Rice porridge with milk (with sugar),146,3.4,18.1,6.0,75,13.6
Risotto,168,4.5,31.6,3.4,70,22.1
"Rutabaga, fodder beets",39,1.3,8.7,0.2,70,6.1
Sandwich bread (white),285,7.3,52.5,3.9,75,39.4
Sorghum,323,11.8,66.4,3.3,70,46.5
Sports drinks,16,0.0,3.9,0.0,75,2.9
Squash caviar,83,1.3,4.8,8.1,75,3.6
Sticky rice,370,7.0,82.0,0.6,90,73.8
"Sweet potato (batata, yam)",77,1.4,15.8,0.4,70,11.1
Syrup,296,0.0,78.3,0.3,70,54.8
Tacos,226,9.0,20.0,13.0,70,14.0
Tapioca (dried),350,0.2,87.8,0.0,85,74.6
"Turnip (cooked, boiled)",26,1.7,4.6,0.2,85,3.9
Waffles,433,6.6,72.4,14.2,75,54.3
Watermelon,30,0.6,7.5,0.1,75,5.6
Wheat syrup,315,0.1,78.0,0.3,100,78.0
Wheat bread,265,9.0,49.0,3.2,70,34.3
"Wheat flour, white (unenriched)",364,10.3,73.6,1.0,85,62.6
Wheat syrup,315,0.1,78.0,0.3,100,78.0
White bread “baguette”,262,7.5,51.4,2.9,70,36.0
White flour bread,242,8.1,48.8,1.0,90,43.9
White rice,130,2.7,28,0.3,70,56.0
